ID pot,Time (days),Initial CO2 (ppm),Final CO2 (ppm),Time final (h)
6,7,546.312054549882,2158.81895036558,22.86
6,14,494.429616724739,1871.17842888819,25.2
6,21,500.971134282808,1923.29302202643,25.26
6,35,532.797351156306,1522.62847301952,24.14
6,49,547.539786780384,1668.88447761194,24.43
6,63,538.19632268248,1632.88895524935,24.21
6,77,575.913322019516,1124.114806958,22.82
6,91,591.109740555303,1727.46827492035,24.73
6,105,449.18740292651,1474.09260340227,26.13
18,7,543.39397678383,2603.32227221597,22.86
18,14,538.513525498891,1612.65559075071,25.2
18,21,518.788936927772,2216.81692511013,25.26
18,35,584.731351484337,2356.52424963097,24.14
18,49,495.041108742004,2160.29049040512,24.43
18,63,513.551384326607,2013.95286037285,24.21
18,77,579.494526941027,1684.3626644039,22.82
18,91,570.669048702776,2029.51247155212,24.73
18,105,452.315458186872,1640.47673448966,26.13
55,7,690.779235327543,3288.90547665917,22.86
55,14,491.531042128603,2492.81026290782,25.2
55,21,485.545744320109,2887.74415859031,25.26
55,35,580.305289486633,2571.47051828768,24.14
55,49,556.752324093817,1488.78690831557,24.43
55,63,559.227166076533,1861.1224350497,24.21
55,77,594.735341535851,1725.87679253288,22.82
55,91,551.02375967228,2054.87141556668,24.73
55,105,443.166230687485,1679.85907271514,26.13
20,7,536.856936439646,2809.30991633858,22.86
20,14,489.43428888185,2346.96387393095,25.2
20,21,487.343870803662,1938.74484581498,25.26
20,35,579.227857962933,2133.37465146793,24.14
20,49,519.61855010661,1985.56102345416,24.43
20,63,507.471054989122,1771.30199223583,24.21
20,77,584.337802291048,1889.04891811625,22.82
20,91,582.314519799727,2349.86117432863,24.73
20,105,460.532167089022,1828.42386591061,26.13
53,7,533.546959980518,981.76571287964,22.86
53,14,476.457348748812,854.248970541653,25.2
53,21,478.255891827738,800.575621145375,25.26
53,35,517.910603575529,819.422478268001,24.14
53,49,503.513646055437,760.897398720682,24.43
53,63,575.93293801459,806.084979309757,24.21
53,77,577.058845990666,809.383495969453,22.82
53,91,552.150341374602,836.104050978607,24.73
53,105,484.370677675141,654.713475650434,26.13
56,7,562.874389154964,733.677182930259,22.86
56,14,487.198637947419,591.406651884701,25.2
56,21,491.119472702611,552.253242290749,25.26
56,35,495.783245858619,572.876176808266,24.14
56,49,545.822430703625,976.115095948827,24.43
56,63,526.33987457873,572.17648564481,24.21
56,77,643.182435299109,601.369622401358,22.82
56,91,538.640555302685,594.186162949477,24.73
56,105,429.523747241069,478.040235156771,26.13
48,7,553.610796330871,915.027523903262,22.86
48,14,484.394678492239,751.886490338929,25.2
48,21,500.337334689725,717.898678414097,25.26
48,35,530.732819419387,748.719952435624,24.14
48,49,540.190959488273,701.977441364606,24.43
48,63,525.880679151913,736.362911138603,24.21
48,77,682.787696224014,726.371489181163,22.82
48,91,618.76449704142,790.572781065089,24.73
48,105,437.329927245974,609.796114076051,26.13
57,7,604.565841383229,922.759438273341,22.86
57,14,487.281438074121,718.870810896421,25.2
57,21,489.51478467277,692.538775330397,25.26
57,35,501.873298343448,722.968459898311,24.14
57,49,571.483454157783,701.68908315565,24.43
57,63,516.10682138134,712.102555351734,24.21
57,77,584.475731862537,686.928807806534,22.82
57,91,533.301593081475,561.936231224397,24.73
57,105,495.214379138396,602.614659773182,26.13
38,7,550.624238980437,635.959962035996,22.86
38,14,491.366487171365,549.582768451061,25.2
38,21,500.378043404544,500.067612334802,25.26
38,35,493.169156962441,532.845038543546,24.14
38,49,493.237057569296,535.534626865672,24.43
38,63,528.921163772877,524.014589821253,24.21
38,77,535.80644887569,575.623419601188,22.82
38,91,599.883568502503,560.568730086482,24.73
38,105,430.86634513202,468.786315877252,26.13
19,7,607.53892361393,691.080409870641,22.86
19,14,498.948321191004,528.449936648717,25.2
19,21,475.636512377077,460.998079295154,25.26
19,35,528.755109070035,561.179022470067,24.14
19,49,530.197441364606,561.04460554371,24.43
19,63,560.906701932511,515.031014035237,24.21
19,77,653.396478574459,657.33182011031,22.82
19,91,688.391533909877,647.880655439235,24.73
19,105,433.696068012752,460.548198799199,26.13
16,7,518.323581459534,622.592660292463,22.86
16,14,492.301583782072,543.391479252455,25.2
16,21,481.029035266192,479.45327753304,25.26
16,35,492.860300147614,559.582753813351,24.14
16,49,586.204093816631,645.78289978678,24.43
16,63,544.825690030289,514.217652830511,24.21
16,77,643.860118795079,576.794739075095,22.82
16,91,505.480382339554,551.32171142467,24.73
16,105,454.387394751901,489.501084056037,26.13
58,7,535.499245068593,665.296013779528,22.86
58,14,508.504513778904,564.711466582198,25.2
58,21,513.431027466938,387.997136563877,25.26
58,35,511.115401016894,559.681326882073,24.14
58,49,515.657654584222,680.98315565032,24.43
58,63,569.516957467685,544.189241073333,24.21
58,77,583.752991090369,567.718201103097,22.82
58,91,590.878743741466,568.974692762858,24.73
58,105,448.965094416742,495.676075717145,26.13
22,7,579.465443623671,4733.08884631609,22.86
22,14,498.587567310738,4471.30856826101,25.2
22,21,485.632926415734,3915.30242290749,25.26
22,35,517.054756437592,3031.37230605216,24.14
22,49,539.412665245203,2318.07812366738,24.43
22,63,554.165095345762,2178.344524551,24.21
22,77,649.244548154434,2371.87806533729,22.82
22,91,530.111424670005,2502.88620846609,24.73
22,105,430.262691081501,3069.69225316878,26.13
29,7,538.379560029223,2816.94347581552,22.86
29,14,518.702771618625,3349.58186569528,25.2
29,21,472.764513394371,3698.47711894273,25.26
29,35,488.133368869936,2722.86549122519,24.14
29,49,485.778251599147,2597.2352238806,24.43
29,63,567.620408685636,2627.55402926496,24.21
29,77,598.688417479847,2243.36219770895,22.82
29,91,557.290395994538,2372.94210286755,24.73
29,105,451.281451810676,1978.14726484323,26.13
63,7,577.680055199286,4621.19354611924,22.86
63,14,516.799366487171,4015.59211276528,25.2
63,21,491.677950152594,1785.76214977974,25.26
63,35,495.849548958504,3139.41899294735,24.14
63,49,551.546652452026,2872.52942430704,24.43
63,63,541.632652190606,2881.95870483341,24.21
63,77,534.400763682647,2655.49635129402,22.82
63,91,611.196995903505,2827.15361857078,24.73
63,105,496.843987574593,2060.20959806538,26.13
62,7,597.130448900073,7328.54195374016,22.86
62,14,498.830471967057,4672.78025023757,25.2
62,21,481.829323499491,4087.03992070485,25.26
62,35,517.694866327702,3341.17830900443,24.14
62,49,523.688784648188,2487.55240938166,24.43
62,63,546.255492513118,3157.34320208182,24.21
62,77,542.868773865083,3229.16856173101,22.82
62,91,579.035320892126,3239.60969503869,24.73
62,105,456.706490640072,2972.13192128085,26.13
65,7,522.915869794626,651.541953740158,22.86
65,14,477.88074121001,555.498432055749,25.2
65,21,483.075559511699,510.317964757709,25.26
65,35,518.385525668361,571.096941118583,24.14
65,49,523.335479744137,609.952068230277,24.43
65,63,566.776204086856,522.080030715413,24.21
65,77,536.615825201527,579.675265167586,22.82
65,91,578.602776513428,661.381929904415,24.73
65,105,451.136229870024,489.741244162775,26.13
10,7,552.912801363747,701.473460348706,22.86
10,14,482.206905289832,623.961973392461,25.2
10,21,483.552153272296,557.473550660793,25.26
10,35,538.079473511563,622.425774971297,24.14
10,49,537.24908315565,668.782985074627,24.43
10,63,546.258990657395,596.452412439742,24.21
10,77,451.998769622401,559.906957997454,22.82
10,91,598.945562130178,687.506964041875,24.73
10,105,430.205100956429,503.092895263509,26.13
67,7,964.081094244663,1339.68470542745,22.86
67,14,511.900855242319,850.249683243586,25.2
67,21,485.00480671414,759.336766519824,25.26
67,35,486.816163687059,780.723585369854,24.14
67,49,535.585202558635,755.803795309168,24.43
67,63,521.835416577791,668.360138219359,24.21
67,77,637.758421722529,730.17055579126,22.82
67,91,558.333136094675,745.378379608557,24.73
67,105,456.246873211804,560.085682121414,26.13
66,7,526.542592742918,914.30385264342,22.86
66,14,485.706683560342,843.489467849224,25.2
66,21,480.700796880298,840.865718061674,25.26
66,35,510.181515499426,781.159873708381,24.14
66,49,519.561492537313,677.537313432836,24.43
66,63,512.318459110106,649.477112751163,24.21
66,77,700.92706830717,731.446499787866,22.82
66,91,601.448611743286,814.989622212107,24.73
66,105,500.873334423281,629.99341227485,26.13
24,7,522.957090672944,579.402066929134,22.86
24,14,493.719971491923,492.431913208743,25.2
24,21,472.538631739573,380.293189427313,25.26
24,35,546.260447761194,519.58987206823,24.14
24,49,504.927974413646,711.429765458422,24.43
24,63,536.025638837934,506.61993942238,24.21
24,77,559.983029274502,492.182689859992,22.82
24,91,560.803550295858,525.516932180246,24.73
24,105,432.265756560124,447.329719813209,26.13
45,7,550.519814920042,589.717871203599,22.86
45,14,482.624516946468,516.666281279696,25.2
45,21,483.452848423194,441.013295154185,25.26
45,35,528.122092832541,515.103903559127,24.14
45,49,548.1678891258,524.708443496802,24.43
45,63,622.163431594215,493.884219956487,24.21
45,77,559.597496817989,557.306745863386,22.82
45,91,590.835002275831,504.290896677287,24.73
45,105,459.022357557427,460.522473315544,26.13
5,7,513.195551586979,588.592097862767,22.86
5,14,489.01504592968,500.282815964523,25.2
5,21,489.309359104781,463.462220264317,25.26
5,35,496.132204362801,513.738445136953,24.14
5,49,570.977825159915,547.577910447761,24.43
5,63,594.635339789258,518.468196749285,24.21
5,77,686.280101824353,530.87089520577,22.82
5,91,642.882567137005,669.626627218935,24.73
5,105,434.277119267555,447.073048699133,26.13
13,7,491.418150823931,577.367864173228,22.86
13,14,478.831960722205,498.406461830852,25.2
13,21,480.946804001356,445.639074889868,25.26
13,35,518.44073314745,556.714933573889,24.14
13,49,531.606823027719,579.021961620469,24.43
13,63,529.818352459366,505.051448317051,24.21
13,77,591.3438268986,557.957658039881,22.82
13,91,630.687847064178,586.553117888029,24.73
13,105,462.35424670972,469.134006004003,26.13
21,7,509.87033038396,4615.05924845332,23.14
21,14,493.096705733291,4448.90115616091,25.27
21,21,503.649686334351,4915.84051982379,25.31
21,35,543.616631130064,3703.82278169592,24.17
21,49,488.689552238806,3154.08281449893,24.59
21,63,486.862335224607,2715.46738620366,23.06
21,77,487.11777683496,2953.05269410267,22.97
21,91,530.53946290396,2795.44264906691,24.79
21,105,449.710864056241,2394.66344229486,26.14
59,7,474.045425765078,5881.23451560742,23.14
59,14,480.833021856193,6213.2017579981,25.27
59,21,472.679688029841,5953.55952422907,25.31
59,35,499.276808266361,5087.59865507627,24.17
59,49,495.437611940299,3813.69876332623,24.59
59,63,467.293801458982,3720.61716650314,23.06
59,77,481.678319898176,3627.4441238863,22.97
59,91,510.363359126081,3751.36390532544,24.79
59,105,452.427327720101,2969.22698465644,26.14
41,7,488.490185891712,5883.22064820023,23.14
41,14,515.021951219512,6181.81800760215,25.27
41,21,485.957892505934,6146.69860792952,25.31
41,35,632.665327210103,3904.35255043464,24.17
41,49,478.025671641791,3191.22874200426,24.59
41,63,482.600017064118,3183.4896975385,23.06
41,77,486.534917267713,4029.35375477302,22.97
41,91,510.773099681384,3544.67396449704,24.79
41,105,483.7494073408,2987.22273182121,26.14
52,7,500.167318775875,6689.43939820022,23.14
52,14,494.85552739943,5623.46305036427,25.27
52,21,478.694252288912,6620.87189427313,25.31
52,35,479.250746268657,4915.44142201083,24.17
52,49,490.734669509595,3448.1152238806,24.59
52,63,483.785887974063,4022.51188089245,23.06
52,77,463.490793381417,3310.42643190496,22.97
52,91,506.209922621757,3302.27587619481,24.79
52,105,432.317297474046,2782.45230153436,26.14
36,7,503.52918256352,2144.12665213723,23.14
36,14,478.852074754514,1818.0084098828,25.27
36,21,477.327475415395,1642.41744493392,25.31
36,35,482.070731507299,1506.15827456126,24.17
36,49,466.561876332623,1327.0055010661,24.59
36,63,585.896378140864,1372.56516360224,23.06
36,77,502.265294866356,1046.78362324989,22.97
36,91,501.74406008193,1599.21160673646,24.79
36,105,425.229951769803,745.847273182121,26.14
17,7,501.871824011689,941.065136389201,23.14
17,14,466.120462464365,874.390323091543,25.27
17,21,475.042785690064,765.310114537445,25.31
17,35,500.390610136132,732.325159914712,24.17
17,49,465.83223880597,668.96631130064,24.59
17,63,467.925387142187,671.289535429376,23.06
17,77,475.751548578702,664.699575731863,22.97
17,91,504.162403277196,556.005507510241,24.79
17,105,435.133246137497,631.114826551034,26.14
7,7,501.191265524799,1433.08494446007,23.14
7,14,473.250174216028,1309.81794425087,25.27
7,21,487.793370634113,1255.68681938326,25.31
7,35,513.531753321306,1093.75982450385,24.17
7,49,461.582430703625,1046.00332622601,24.59
7,63,527.103067275287,1054.55518109296,23.06
7,77,480.424819686042,1043.21871022486,22.97
7,91,500.788666363223,1123.75980883022,24.79
7,105,433.833605820322,905.539734823216,26.14
50,7,529.018426820359,1272.80933633296,23.14
50,14,480.40951853025,1295.15530566994,25.27
50,21,496.57010003391,1230.05428193833,25.31
50,35,486.0922010825,607.027128095785,24.17
50,49,466.967036247335,983.628144989339,24.59
50,63,509.64766861482,1027.80030715413,23.06
50,77,489.986847687739,966.441323716589,22.97
50,91,503.544742831133,1070.01488393264,24.79
50,105,453.911019373825,978.429828218813,26.14
51,7,537.626089780015,757.790020388076,23.14
51,14,488.75885334178,680.690006335128,25.27
51,21,482.016573414717,569.249497797357,25.31
51,35,472.897244546498,605.393234377563,24.17
51,49,491.268272921109,602.260469083156,24.59
51,63,505.74181988823,593.029478264579,23.06
51,77,503.75753075944,619.790581247348,22.97
51,91,501.16436049158,665.503823395539,24.79
51,105,433.169950134881,565.572298198799,26.14
27,7,562.942316746489,727.356914370079,23.14
27,14,476.413430471967,612.417389927146,25.27
27,21,482.546854866056,553.759233480176,25.31
27,35,510.399294735116,600.315105789733,24.17
27,49,466.253262260128,559.357782515992,24.59
27,63,510.276566699373,585.055159762809,23.06
27,77,475.535002121341,478.379126007637,22.97
27,91,504.781474738279,639.404142011834,24.79
27,105,496.204406114608,584.274224482989,26.14
8,7,481.987726276484,707.626792744657,23.14
8,14,478.645454545455,643.743569844789,25.27
8,21,475.267022719566,596.929383259912,25.31
8,35,571.11908315565,708.336337543054,24.17
8,49,472.076332622601,649.874115138593,24.59
8,63,516.292180367732,665.453948210401,23.06
8,77,474.754263894782,627.51336444633,22.97
8,91,504.662812926718,562.592353208921,24.79
8,105,429.617223902559,560.663650767178,26.14
28,7,485.708450361231,773.567421259842,23.14
28,14,485.857665505226,546.806224263541,25.27
28,21,481.493040013564,701.674792951542,25.31
28,35,509.690265704445,720.21869772019,24.17
28,49,473.85078891258,589.299530916844,24.59
28,63,552.485474169191,650.127468964635,23.06
28,77,505.801781926177,607.839838778108,22.97
28,91,510.42362312244,627.189940828403,24.79
28,105,433.300498651189,578.647973649099,26.14
39,7,486.704943583083,10495.8172279246,23.14
39,14,508.655717453278,9450.89939816281,25.27
39,21,483.102560189895,6086.85756828194,25.31
39,35,579.499860587174,4368.72142857143,24.17
39,49,467.291940298508,6111.36383795309,24.59
39,63,474.482871891131,4150.29503860757,23.06
39,77,476.735214255409,3524.09673313534,22.97
39,91,510.116021847974,3754.57792444242,24.79
39,105,436.430147960435,2870.65339392929,26.14
64,7,505.723191817518,8260.85392646232,23.14
64,14,502.906477668673,6402.21830852075,25.27
64,21,477.152865378094,7856.38946255507,25.31
64,35,634.00123011317,5898.01125143513,24.17
64,49,481.042430703625,4496.22686567164,24.59
64,63,480.18971033659,4310.95277505226,23.06
64,77,479.785999151464,4389.27242257106,22.97
64,91,505.454802002731,4462.80823850706,24.79
64,105,461.225373988392,3678.56308372248,26.14
15,7,496.626300836107,6548.84705427447,23.14
15,14,496.391605955021,8470.35155210643,25.27
15,21,484.969769413361,10483.9368281938,25.31
15,35,516.107347876005,8084.60644579301,24.17
15,49,465.765756929638,6256.33590618337,24.59
15,63,510.907597798729,6162.45915276652,23.06
15,77,477.69796351294,4822.9666525244,22.97
15,91,511.101046882112,5805.40678197542,24.79
15,105,437.618286601815,4823.01526017345,26.14
33,7,481.065281272831,15791.1233830146,23.14
33,14,521.240053848591,12287.5008394045,25.27
33,21,487.760927433028,8656.50391189427,25.31
33,35,495.060578973266,9517.95169755617,24.17
33,49,467.022601279318,8263.94942430703,24.59
33,63,472.592338210827,7236.39174949874,23.06
33,77,477.286805260925,8243.87815019092,22.97
33,91,510.417660446063,8891.34360491579,24.79
33,105,432.071650453691,5930.65072548366,26.14
25,7,489.805795924994,797.788825224972,23.14
25,14,491.520367437441,766.190354767184,25.27
25,21,481.335885045778,631.25095154185,25.31
25,35,477.82511891094,686.368271280958,24.17
25,49,490.4078891258,649.885756929638,24.59
25,63,508.321402670535,649.479032464485,23.06
25,77,666.338014425117,840.829274501485,22.97
25,91,504.997177969959,673.809376422394,24.79
25,105,433.364097114363,620.048532354903,26.14
34,7,496.782271288254,759.804239313836,23.14
34,14,472.487329743427,814.440877415268,25.27
34,21,471.780467955239,775.515894273128,25.31
34,35,475.612071510579,779.134664589142,24.17
34,49,466.519275053305,730.826268656717,24.59
34,63,536.360436841432,711.579284160232,23.06
34,77,542.857912600764,729.914340263046,22.97
34,91,503.913837050523,720.412380518889,24.79
34,105,492.468936483283,702.97940293529,26.14
14,7,468.518857050085,1556.14913174916,23.14
14,14,444.819781438074,1320.06186252772,25.27
14,21,478.730874872838,1259.55437004405,25.31
14,35,477.50989010989,1074.15154174184,24.17
14,49,464.880383795309,871.661108742004,24.59
14,63,473.059895055672,808.415937886609,23.06
14,77,475.278447178617,813.401951633432,22.97
14,91,509.35721438325,896.600682749203,24.79
14,105,439.779776015695,815.612199799867,26.14
11,7,484.842406039451,1616.32399465692,23.14
11,14,477.191542603738,1149.82598986379,25.27
11,21,485.148016276704,1150.29155066079,25.31
11,35,504.921469575201,1154.2635804494,24.17
11,49,481.645799573561,918.308102345416,24.59
11,63,678.607226654153,965.728936478819,23.06
11,77,475.878489605431,863.289053882053,22.97
11,91,502.5802002731,937.62234865726,24.79
11,105,433.682866018148,585.103569046031,26.14
30,7,489.890153421544,587.600745219348,23.14
30,14,483.503009185936,514.193094710168,25.27
30,21,473.224660902001,516.084502202643,25.31
30,35,501.51097260948,583.263654256192,24.17
30,49,502.561918976546,555.728571428571,24.59
30,63,480.482701249947,532.975427669468,23.06
30,77,530.397751378871,577.960203648706,22.97
30,91,507.961902594447,573.490532544379,24.79
30,105,434.292283168479,504.427493328886,26.14
69,7,475.59050247585,614.977010686164,23.14
69,14,488.737408932531,591.74070319924,25.27
69,21,476.847583926755,523.848704845815,25.31
69,35,487.22959652288,578.48585369854,24.17
69,49,493.064562899787,573.768187633262,24.59
69,63,470.280491446611,518.297598225332,23.06
69,77,475.502291047942,561.414637250743,22.97
69,91,509.772325898953,595.08097405553,24.79
69,105,431.33123518352,505.172823549033,26.14
46,7,510.521876775712,596.135932227222,23.14
46,14,501.529173265759,563.807095343681,25.27
46,21,485.513402848423,501.628237885463,25.31
46,35,474.829817943251,544.938363129408,24.17
46,49,466.339019189766,541.188059701493,24.59
46,63,526.829614777527,532.080414658078,23.06
46,77,496.991132795927,544.74484514213,22.97
46,91,504.948520710059,563.631998179335,24.79
46,105,429.808428022562,500.807413275517,26.14
47,7,469.910836918581,618.691138217098,23.14
47,14,462.704545454545,542.500823566677,25.27
47,21,482.037733129874,512.403348017621,25.31
47,35,525.262497949811,585.833016237494,24.17
47,49,494.480938166311,534.942729211087,24.59
47,63,509.137792756282,548.572245211382,23.06
47,77,517.019855748833,654.356003394145,22.97
47,91,504.160172963132,530.883158852981,24.79
47,105,427.802869287992,453.662650100067,26.14
54,7,583.657861839435,10515.6636846175,22.63
54,14,539.948622109598,8465.46841938549,25.16
54,21,522.459537131231,9202.54775330396,25.19
54,35,592.277964572741,8315.95965228801,24.14
54,49,698.054925373134,4577.19590618337,24.39
54,63,632.536197261209,4507.7898127213,24.16
54,77,656.503266864659,4214.54051760713,22.93
54,91,584.965407373691,4363.06176604461,24.78
54,105,437.721940652334,3088.93583222148,26.13
60,7,549.854241415699,13288.4931102362,22.63
60,14,515.140655685778,8411.58276845106,25.16
60,21,482.862165140726,12258.6111453745,25.19
60,35,546.778505822536,7553.48322125636,24.14
60,49,549.824904051173,5690.46955223881,24.39
60,63,528.299261976878,6161.13583038266,24.16
60,77,559.707467119219,5964.70848536275,22.93
60,91,563.496586253983,5685.22203004097,24.78
60,105,491.083381018556,4225.12658438959,26.13
61,7,551.170679438266,16771.1293236783,22.63
61,14,542.62299651568,9332.21580614508,25.16
61,21,518.677195659546,9101.82295154185,25.19
61,35,552.153780547811,6582.99074954896,24.14
61,49,550.754797441365,6372.19786780384,24.39
61,63,596.249008148117,6060.4506633676,24.16
61,77,684.776962240136,4953.18502333475,22.93
61,91,599.75466545289,4919.24137460173,24.78
61,105,458.817133981852,3799.8716227485,26.13
42,7,532.863219417161,12359.3916971316,22.63
42,14,522.540671523598,9852.80235983529,25.16
42,21,491.957248219736,11176.1959030837,25.19
42,35,530.036919796621,6755.58082663605,24.14
42,49,561.797739872068,7465.29953091684,24.39
42,63,600.542894927691,7142.608933066,24.16
42,77,660.425456088248,6254.84030547306,22.93
42,91,564.869913518434,5756.53104233045,24.78
42,105,486.216668029102,4828.83042861908,26.13
35,7,595.509976459128,3427.45746625422,22.63
35,14,473.111846689896,2694.49626227431,25.16
35,21,510.534494743981,1982.63486343612,25.19
35,35,551.981810726587,2184.9565195998,24.14
35,49,558.336417910448,1923.52059701493,24.39
35,63,581.934772407321,2052.63747280406,24.16
35,77,686.211837081035,1998.73037759864,22.93
35,91,590.802594446973,2126.02462448794,24.78
35,105,466.440897572141,1799.52126417612,26.13
1,7,514.735481776118,1324.23075435883,22.63
1,14,495.751520430789,1489.49553373456,25.16
1,21,477.808316378433,1349.36075770925,25.19
1,35,569.05765130392,1301.84790880761,24.14
1,49,531.540511727079,1164.15641791045,24.39
1,63,645.40975214368,1162.18412183781,24.16
1,77,583.363555366992,1188.05948239287,22.93
1,91,550.431133363678,1217.33641329085,24.78
1,105,439.686340227254,1002.61270013342,26.13
49,7,592.62716129556,2055.05350112486,22.63
49,14,481.383908774153,1802.77847640165,25.16
49,21,468.350940996948,1710.73503964758,25.19
49,35,536.734484172544,1525.82984254551,24.14
49,49,520.017142857143,1249.05641791045,24.39
49,63,621.492513118041,1412.29072991767,24.16
49,77,616.433899024183,1378.09796351294,22.93
49,91,579.067865270824,1474.65621301775,24.78
49,105,428.368061800049,1435.65873082055,26.13
37,7,500.288757204319,2006.41387795276,22.63
37,14,477.040909090909,2294.74239784606,25.16
37,21,473.870574771109,1731.36539207048,25.19
37,35,527.669025750369,1792.64390683943,24.14
37,49,595.707036247335,1337.59953091684,24.39
37,63,540.467087581588,603.193677744124,24.16
37,77,623.860840050912,1409.06571913449,22.93
37,91,532.357305416477,1598.53167956304,24.78
37,105,475.883103081828,1565.49566377585,26.13
40,7,504.777157236789,1032.83422384702,22.63
40,14,476.978587266392,987.867421602788,25.16
40,21,470.93494404883,770.72763876652,25.19
40,35,571.244784320157,771.045989831065,24.14
40,49,584.443667377399,695.796375266525,24.39
40,63,531.990273452498,938.05720745702,24.16
40,77,612.027450148494,893.312897751379,22.93
40,91,644.750887573965,1110.09503868912,24.78
40,105,429.862830049865,1015.09602234823,26.13
2,7,512.050734637552,960.830568053993,22.63
2,14,477.608061450744,813.691225847323,25.16
2,21,474.821863343506,820.777198237885,25.19
2,35,570.15062325734,875.408094144661,24.14
2,49,604.513859275053,904.040852878465,24.39
2,63,568.00302888102,818.98191203447,24.16
2,77,632.89592702588,893.851166737378,22.93
2,91,566.731224396905,855.411970869367,24.78
2,105,507.322651843375,789.338725817211,26.13
32,7,551.117769299456,1100.79903683915,22.63
32,14,471.211973392461,1047.97084257206,25.16
32,21,467.950703628349,860.042308370044,25.19
32,35,594.85680662621,994.135451861571,24.14
32,49,575.492622601279,879.809808102345,24.39
32,63,534.244699458214,948.520626253146,24.16
32,77,558.74586338566,905.014128128977,22.93
32,91,511.10855712335,1005.43618570778,24.78
32,105,423.354287582768,940.671614409606,26.13
43,7,505.510219985388,1139.42584715973,22.63
43,14,475.84092492873,1322.84618308521,25.16
43,21,468.369413360461,1152.56265198238,25.19
43,35,551.653862555355,955.569263572249,24.14
43,49,579.834029850746,845.641151385927,24.39
43,63,570.734055714347,646.010110490167,24.16
43,77,581.3685193042,992.858803563852,22.93
43,91,501.17956304051,936.034365043241,24.78
43,105,436.362543938527,909.517303202135,26.13
26,7,544.728192223395,19071.7273973566,22.63
26,14,534.859550205892,8402.88709217612,25.16
26,21,498.68479145473,12588.5919647577,25.19
26,35,544.692176480236,6827.22736591767,24.14
26,49,534.588144989339,5233.20545842218,24.39
26,63,713.093596689561,6446.98331982424,24.16
26,77,735.012940178193,4891.81663131099,22.93
26,91,578.643786982248,4970.43978152025,24.78
26,105,473.066745687893,4418.30395263509,26.13
3,7,519.943339556782,18262.3829618954,22.63
3,14,525.357348748812,14281.1919860627,25.16
3,21,489.294209901662,14393.3833656388,25.19
3,35,573.318254879449,12017.6785468263,24.14
3,49,521.22132196162,10199.3804690832,24.39
3,63,553.452881702999,7768.26381127085,24.16
3,77,625.639541790412,7288.04548154434,22.93
3,91,561.9513427401,5630.31993627674,24.78
3,105,453.913390010627,6296.40464476318,26.13
9,7,504.00561733907,19983.2240579303,22.63
9,14,539.867405764967,15680.735777637,25.16
9,21,488.734079348932,18590.1732687225,25.19
9,35,559.939757257668,14895.0934393964,24.14
9,49,553.347803837953,14625.1569296375,24.39
9,63,511.296233095858,11473.2958064929,24.16
9,77,658.072168010183,9730.59100551549,22.93
9,91,550.044515248066,10911.7097405553,24.78
9,105,438.262854573694,9717.92999499666,26.13
23,7,514.422112184431,27184.1043482846,22.63
23,14,536.421555273994,24426.6889927146,25.16
23,21,494.817455069515,20713.4941674009,25.19
23,35,552.294308676398,17973.8094144661,24.14
23,49,492.543454157783,13180.0960767591,24.39
23,63,545.195170854486,13908.9800349814,24.16
23,77,705.189520577005,10923.9583792957,22.93
23,91,527.835184342285,11722.8058261265,24.78
23,105,438.748835118123,9660.46522681788,26.13
44,7,542.559379819791,1083.05891451069,22.63
44,14,476.319892302819,818.070763382958,25.16
44,21,478.846702271957,944.756678414097,25.19
44,35,644.734582581598,1084.68073642775,24.14
44,49,524.419189765458,715.240170575693,24.39
44,63,587.698903630391,850.306727528689,24.16
44,77,573.354221467968,1087.38307170132,22.93
44,91,604.557487482931,970.800728265817,24.78
44,105,435.454835281615,785.754544696464,26.13
4,7,524.557041967692,1257.40702334083,22.63
4,14,515.066962305987,1266.54431422236,25.16
4,21,485.405586639539,1194.66776211454,25.19
4,35,575.675553550927,1139.54708053141,24.14
4,49,566.647718550107,1012.56746268657,24.39
4,63,547.722665415298,1013.70956870441,24.16
4,77,597.340602460755,966.313619007213,22.93
4,91,533.291670459718,1034.15575785162,24.78
4,105,438.572590533802,878.449091060707,26.13
68,7,507.856189625781,2185.3552973847,22.63
68,14,477.804545454545,1827.31179917643,25.16
68,21,470.503670735843,1571.74614096916,25.19
68,35,520.619312776775,1277.28328686239,24.14
68,49,561.060511727079,1100.58904051173,24.39
68,63,544.049784565505,1094.45851286208,24.16
68,77,737.771404327535,606.637038608401,22.93
68,91,562.818115612198,1258.99790623578,24.78
68,105,435.803523256765,1008.38392261508,26.13
72,7,497.143875314555,2069.38236431384,22.63
72,14,498.263921444409,1982.7220937599,25.16
72,21,470.689610885046,1735.06236123348,25.19
72,35,578.83902739052,1704.12319993439,24.14
72,49,599.860639658849,1355.14921108742,24.39
72,63,544.857813233224,1259.95631585683,24.16
72,77,599.14314806958,1508.49058124735,22.93
72,91,541.458534365043,1402.77250796541,24.78
72,105,448.952709883103,930.278477318212,26.13
12,7,509.745888464973,620.838881467941,22.63
12,14,473.009423503326,655.39580297751,25.16
12,21,467.846651407257,711.567488986784,25.19
12,35,539.495719206167,730.074282433984,24.14
12,49,534.315010660981,651.119957356077,24.39
12,63,547.4561238855,700.576041977731,24.16
12,77,544.850360627917,710.390878235045,22.93
12,91,509.028174783796,728.159672280382,24.78
12,105,424.9261424017,617.311749499666,26.13
70,7,559.578553454014,884.930961754781,22.63
70,14,467.842540386443,807.615172632246,25.16
70,21,468.636953204476,761.12508370044,25.19
70,35,616.041381007053,822.241807446285,24.14
70,49,535.031727078891,747.408059701492,24.39
70,63,642.587474937076,800.022012712768,24.16
70,77,537.501400084854,751.077598642342,22.93
70,91,544.95593991807,742.248702776513,24.78
70,105,482.468977356331,603.458639092728,26.13
71,7,504.497783911032,675.36334715973,22.63
71,14,517.341384225531,728.071000950269,25.16
71,21,472.742268565615,703.999515418502,25.19
71,35,526.168189273413,673.199598163031,24.14
71,49,586.370021321962,692.379189765458,24.39
71,63,584.732690584873,715.74702444435,24.16
71,77,719.753075943997,633.113194739075,22.93
71,91,500.662039144288,733.364952207556,24.78
71,105,506.720837080029,658.703343895931,26.13
31,7,543.181962821658,809.161803993251,22.63
31,14,475.910199556541,737.778112131771,25.16
31,21,481.598338419803,685.45127753304,25.19
31,35,544.50502706249,700.764162702969,24.14
31,49,637.290021321962,750.511513859275,24.39
31,63,524.64724201186,661.804786485218,24.16
31,77,573.689223589308,746.907254985151,22.93
31,91,676.741875284479,847.960764679108,24.78
31,105,426.899166189815,576.503835890594,26.13
